City_ID,City,Lat,Lng,Max Temp,Humidity,Cloudiness,Wind Speed,Country,Date
0,ribeira grande,38.5167,-28.7,17.65,96,100,8.05,PT,1682223584
1,papatowai,-46.5619,169.4708,14.23,81,90,9.61,NZ,1682223417
2,inhambane,-23.865,35.3833,21.99,88,40,2.06,MZ,1682223584
3,lihue,21.9789,-159.3672,26.58,81,100,4.63,US,1682223585
4,wicklow,53.0,-6.4167,3.07,95,100,1.08,IE,1682223585
5,adamstown,-25.066,-130.1015,24.06,91,100,5.79,PN,1682223402
6,filipstad,59.7124,14.1683,8.42,75,100,3.61,SE,1682223585
7,lebu,-37.6167,-73.65,11.09,89,4,5.71,CL,1682223429
8,hermanus,-34.4187,19.2345,16.02,87,63,5.25,ZA,1682223405
9,petropavlovsk-kamchatsky,53.0452,158.6483,5.33,52,75,3.0,RU,1682223585
10,boca suno,-0.7167,-77.1333,21.93,97,97,0.82,EC,1682223375
11,saipan,15.1355,145.701,30.39,100,40,7.2,MP,1682223585
12,labuan bajo,-8.4964,119.8877,28.96,65,12,1.89,ID,1682223586
13,taro,-8.3862,115.28,27.0,60,26,1.46,ID,1682223586
14,puerto natales,-51.7236,-72.4875,7.63,93,100,4.91,CL,1682223413
15,mossel bay,-34.1831,22.146,19.96,62,81,3.06,ZA,1682223586
16,sitka,57.0531,-135.33,6.94,87,100,2.06,US,1682223586
17,talnakh,69.4865,88.3972,0.67,87,100,7.55,RU,1682223586
18,whitehorse,60.7161,-135.0538,7.43,42,75,1.54,CA,1682223586
19,ushuaia,-54.8,-68.3,5.81,81,100,14.4,AR,1682223402
20,badger,64.8,-147.5333,-5.27,56,75,8.23,US,1682223402
21,albany,42.6001,-73.9662,13.13,93,100,1.34,US,1682223581
22,kapuskasing,49.4169,-82.4331,0.05,100,100,3.6,CA,1682223406
23,wailua homesteads,22.0669,-159.378,26.24,85,100,4.63,US,1682223407
24,acapulco de juarez,16.8634,-99.8901,26.9,78,75,1.03,MX,1682223440
25,la ronge,55.1001,-105.2842,-0.55,68,2,3.2,CA,1682223326
26,port moresby,-9.4431,147.1797,28.82,72,100,2.65,PG,1682223587
27,coyhaique,-45.5752,-72.0662,9.97,57,0,3.6,CL,1682223587
28,katsuura,35.1333,140.3,12.49,64,100,5.26,JP,1682223431
29,crane,31.3974,-102.3501,9.69,50,0,13.47,US,1682223451
30,jamestown,42.097,-79.2353,8.77,92,75,2.24,US,1682223462
31,stanley,54.868,-1.6985,5.01,94,100,2.06,GB,1682223588
32,yuzhno-kurilsk,44.0306,145.8556,5.56,67,90,1.99,RU,1682223588
33,grytviken,-54.2811,-36.5092,0.88,78,51,8.52,GS,1682223404
34,taroa,8.7058,171.2275,27.73,81,17,7.89,MH,1682223437
35,lincoln city,44.9582,-124.0179,13.36,94,100,1.34,US,1682223588
36,hamilton,39.1834,-84.5333,5.97,67,20,4.63,US,1682223588
37,labrador city,52.9463,-66.9114,1.18,92,100,3.25,CA,1682223313
38,waitangi,-43.9535,-176.5597,14.9,83,11,0.89,NZ,1682223588
39,nagqu,31.5,92.0,-0.14,38,100,5.42,CN,1682223589
40,havre,49.5833,0.3333,10.87,87,0,5.14,FR,1682223589
41,tirano,46.2154,10.1679,13.51,93,100,0.95,IT,1682223589
42,bandarbeyla,9.4942,50.8122,28.07,64,86,2.73,SO,1682223589
43,college,64.8569,-147.8028,-5.23,56,75,8.23,US,1682223409
44,aasiaat,68.7098,-52.8699,-2.05,97,100,3.03,GL,1682223589
45,dakhla,23.6848,-15.958,18.7,88,7,7.19,EH,1682223589
46,ha tinh,18.3333,105.9,34.79,51,31,3.17,VN,1682223589
47,howard springs,-12.497,131.047,32.77,50,0,5.69,AU,1682223420
48,bilibino,68.0546,166.4372,1.25,94,4,1.25,RU,1682223402
49,luderitz,-26.6481,15.1594,15.44,52,100,3.63,NA,1682223590
50,iskateley,67.6803,53.1512,-6.48,72,52,6.82,RU,1682223590
51,st. john's,47.5649,-52.7093,3.21,98,100,12.96,CA,1682223522
52,tongliao,43.6125,122.2653,12.0,8,92,5.49,CN,1682223590
53,hithadhoo,-0.6,73.0833,29.11,71,96,1.63,MV,1682223436
54,edinburgh of the seven seas,-37.0676,-12.3116,15.72,71,66,9.97,SH,1682223403
55,port-aux-francais,-49.35,70.2167,8.89,97,100,18.91,TF,1682223591
56,tiksi,71.6872,128.8694,-4.46,80,35,0.76,RU,1682223591
57,bethel,41.3712,-73.414,12.79,89,100,2.57,US,1682223317
58,blackmans bay,-43.0167,147.3167,16.96,51,90,1.1,AU,1682223591
59,punta cana,18.5818,-68.4043,23.87,88,100,2.57,DO,1682223573
60,vila franca do campo,37.7167,-25.4333,17.23,96,100,7.31,PT,1682223430
61,vadso,70.0744,29.7487,-2.91,80,100,10.29,NO,1682223591
62,fortuna,40.5982,-124.1573,11.86,90,28,1.16,US,1682223468
63,oranjemund,-28.55,16.4333,13.38,44,38,1.67,NA,1682223592
64,rabo de peixe,37.8,-25.5833,16.73,100,75,5.66,PT,1682223592
65,kodiak,57.79,-152.4072,9.73,29,0,6.17,US,1682223401
66,khorramabad,33.4878,48.3558,14.79,63,0,4.12,IR,1682223592
67,bredasdorp,-34.5322,20.0403,14.52,84,50,3.64,ZA,1682223592
68,hell-ville,-13.4,48.2667,24.93,80,40,1.03,MG,1682223592
69,avarua,-21.2078,-159.775,25.03,73,31,2.06,CK,1682223405
70,west island,-12.1568,96.8225,28.99,79,40,4.63,CC,1682223592
71,yellowknife,62.456,-114.3525,5.29,48,40,3.09,CA,1682223408
72,vilyuchinsk,52.9306,158.4028,6.15,97,98,2.11,RU,1682223453
73,jimma,7.6667,36.8333,16.12,86,89,0.45,ET,1682223593
74,borzya,50.3833,116.5167,5.5,14,1,5.27,RU,1682223593
75,queenstown,-31.8976,26.8753,11.64,24,90,2.13,ZA,1682223593
76,saldanha,-33.0117,17.9442,15.06,93,100,8.98,ZA,1682223439
77,kuraymah,18.55,31.85,28.45,14,50,5.59,SD,1682223593
78,essaouira,31.5125,-9.77,16.97,84,44,9.66,MA,1682223593
79,puerto ayora,-0.7393,-90.3518,25.86,90,63,2.24,EC,1682223593
80,puerto baquerizo moreno,-0.9,-89.6,25.99,77,44,4.98,EC,1682223428
81,georgetown,5.4112,100.3354,32.96,69,20,2.57,MY,1682223594
82,dryden,49.7833,-92.7503,-1.84,50,0,0.0,CA,1682223594
83,kuanda,56.3161,116.0806,1.44,48,6,1.79,RU,1682223594
84,hirara,24.8,125.2833,26.15,73,40,4.63,JP,1682223594
85,chonchi,-42.6128,-73.8092,5.62,93,64,0.76,CL,1682223407
86,pitimbu,-7.4706,-34.8086,26.33,77,57,5.75,BR,1682223594
87,kyaikto,17.3,97.0167,33.32,57,5,4.65,MM,1682223594
88,gagarin,55.5529,34.9954,9.44,66,84,2.35,RU,1682223594
89,kapa'a,22.0752,-159.319,26.99,85,100,4.63,US,1682223595
90,la passe,45.5549,-0.8967,12.21,88,100,3.97,FR,1682223438
91,port augusta,-32.5,137.7667,26.92,25,0,3.19,AU,1682223595
92,hinton,53.4001,-117.5857,2.04,91,100,1.13,CA,1682223595
93,porto velho,-8.7619,-63.9039,25.03,94,20,1.54,BR,1682223595
94,fomento,22.1039,-79.7217,20.86,85,2,0.87,CU,1682223595
95,kabo,7.6994,18.629,23.99,73,94,3.94,CF,1682223595
96,chengde,40.9725,117.9361,13.94,12,100,4.83,CN,1682223595
97,flying fish cove,-10.4217,105.6791,27.37,78,54,7.18,CX,1682223323
98,lompoc,34.6391,-120.4579,12.08,89,13,0.89,US,1682223596
99,new norfolk,-42.7826,147.0587,17.73,35,88,2.24,AU,1682223596
100,la'ie,21.6477,-157.9253,26.98,74,56,2.24,US,1682223596
101,tizimin,21.15,-88.15,24.02,82,38,2.71,MX,1682223596
102,ilulissat,69.2167,-51.1,-0.99,93,100,2.06,GL,1682223596
103,tazacorte,28.629,-17.9293,19.54,86,100,3.09,ES,1682223415
104,port elizabeth,-33.918,25.5701,15.61,95,20,1.03,ZA,1682223596
105,brisas de zicatela,15.8369,-97.0419,27.29,74,20,0.0,MX,1682223596
106,ust-nera,64.5667,143.2,-0.92,84,100,3.0,RU,1682223597
107,olonkinbyen,70.9221,-8.7187,-3.67,59,8,5.74,SJ,1682223412
108,benguela,-12.5763,13.4055,25.26,78,97,1.24,AO,1682223597
109,iqaluit,63.7506,-68.5145,-1.15,100,100,8.49,CA,1682223589
110,praia da vitoria,38.7333,-27.0667,18.14,94,75,8.99,PT,1682223597
111,bubaque,11.2833,-15.8333,26.61,65,9,4.68,GW,1682223449
112,pelabuhanratu,-6.9875,106.5514,30.53,70,29,1.81,ID,1682223405
113,margaret river,-33.95,115.0667,22.21,51,0,3.53,AU,1682223424
114,coahuayana de hidalgo,18.7,-103.6583,24.0,84,98,0.15,MX,1682223597
115,ialibu,-6.2821,143.9935,19.91,85,34,1.0,PG,1682223598
116,whakatane,-37.9585,176.9854,19.87,99,100,1.48,NZ,1682223598
117,thompson,55.7435,-97.8558,-8.5,97,99,1.37,CA,1682223332
118,as saffaniyah,27.9708,48.73,27.52,32,3,4.32,SA,1682223598
119,phongsali,21.6833,102.1058,31.35,25,6,1.9,LA,1682223598
120,sinabang,2.4803,96.3801,29.58,68,98,1.3,ID,1682223442
121,woudrichem,51.815,5.0014,9.41,73,99,1.34,NL,1682223598
122,fale old settlement,-9.3852,-171.2468,28.7,76,100,4.16,TK,1682223429
123,tolanaro,-25.0319,46.9987,23.04,94,20,0.0,MG,1682223598
124,pesqueira,-8.3578,-36.6964,19.07,93,100,3.82,BR,1682223599
125,great falls,47.5002,-111.3008,2.87,73,0,3.6,US,1682223325
126,holualoa,19.6228,-155.9522,24.91,87,100,4.63,US,1682223599
127,nemuro,43.3236,145.575,3.76,83,95,0.54,JP,1682223599
128,villa ocampo,-28.4875,-59.3551,17.19,66,100,2.26,AR,1682223599
129,haiku-pauwela,20.9219,-156.3051,26.2,66,20,4.63,US,1682223422
130,bathsheba,13.2167,-59.5167,26.34,83,20,5.14,BB,1682223599
131,tommot,58.9564,126.2925,0.92,62,98,2.99,RU,1682223417
132,ugoofaaru,5.6667,73.0,29.25,74,83,3.76,MV,1682223600
133,klyuchi,52.2667,79.1667,9.05,40,100,6.49,RU,1682223600
134,qaqortoq,60.7167,-46.0333,-0.14,92,97,0.25,GL,1682223441
135,amarwara,22.3,79.1667,29.24,25,25,5.07,IN,1682223600
136,nelson bay,-32.7167,152.15,23.39,68,6,4.47,AU,1682223600
137,anadyr,64.75,177.4833,-1.72,68,0,8.0,RU,1682223425
138,cidreira,-30.1811,-50.2056,19.57,86,51,4.51,BR,1682223601
139,codrington,-38.2667,141.9667,19.55,55,0,3.81,AU,1682223601
140,ciudad lazaro cardenas,17.9583,-102.2,24.95,80,100,1.54,MX,1682223601
141,cape coast,5.1053,-1.2466,26.93,86,99,4.97,GH,1682223396
142,namibe,-15.1961,12.1522,24.92,71,51,3.14,AO,1682223440
143,onega,63.9061,38.1404,-2.14,78,62,2.08,RU,1682223602
144,conceicao do araguaia,-8.2578,-49.2647,22.64,91,100,1.04,BR,1682223602
145,tonder,54.9331,8.8667,8.97,88,100,4.15,DK,1682223603
146,port alfred,-33.5906,26.891,18.4,44,100,1.77,ZA,1682223603
147,mantsala,60.6609,25.2838,5.94,85,71,1.12,FI,1682223603
148,saint-francois,46.4154,3.9054,4.26,100,100,1.03,FR,1682223603
149,tazovsky,67.4667,78.7,0.41,99,100,5.57,RU,1682223603
150,hawaiian paradise park,19.5933,-154.9731,23.91,87,75,2.57,US,1682223414
151,keflavik,64.0049,-22.5624,4.24,93,100,1.03,IS,1682223436
152,timmins,48.4669,-81.3331,0.9,93,100,4.12,CA,1682223604
153,luganville,-15.5333,167.1667,28.97,73,91,4.4,VU,1682223604
154,madang,-5.2246,145.7966,30.21,65,33,3.28,PG,1682223604
155,shenzhen,22.5455,114.0683,28.92,99,85,4.21,CN,1682223604
156,vorgashor,67.5833,63.95,-1.02,88,100,6.05,RU,1682223420
157,corinth,37.9407,22.9573,12.1,86,7,1.07,GR,1682223605
158,isafjordur,66.0755,-23.124,0.27,69,12,1.7,IS,1682223605
159,suwayr,30.1171,40.3893,21.52,39,27,2.16,SA,1682223605
160,susuman,62.7833,148.1667,-2.5,66,95,5.56,RU,1682223605
161,amahai,-3.3333,128.9167,29.84,67,81,2.48,ID,1682223606
162,margate,51.3813,1.3862,11.06,88,100,2.24,GB,1682223606
163,ust'-ilimsk,58.0006,102.6619,0.89,58,12,1.61,RU,1682223606
164,nova sintra,14.8667,-24.7167,19.95,74,4,7.18,CV,1682223428
165,invercargill,-46.4,168.35,11.68,82,94,0.89,NZ,1682223221
166,longyearbyen,78.2186,15.6401,-12.09,67,0,2.57,SJ,1682223401
167,saint-pierre,-21.3393,55.4781,26.43,61,0,3.09,RE,1682223505
168,los aquijes,-14.0967,-75.6908,23.55,65,36,0.94,PE,1682223607
169,cooma,-36.2333,149.1333,18.68,52,5,2.45,AU,1682223607
170,port mathurin,-19.6833,63.4167,26.22,76,9,8.15,MU,1682223409
171,oral,51.2333,51.3667,9.99,93,40,3.0,KZ,1682223607
172,ashkelon,31.6693,34.5715,16.01,74,100,2.69,IL,1682223608
173,grants,35.1473,-107.8514,5.13,36,0,4.12,US,1682223608
174,nar'yan-mar,67.6713,53.087,-6.49,73,50,6.73,RU,1682223608
175,new plymouth,-39.0667,174.0833,18.64,100,2,7.05,NZ,1682223608
176,keelung,25.1283,121.7419,29.47,74,89,3.09,TW,1682223420
177,menongue,-14.6585,17.691,15.13,90,64,0.73,AO,1682223608
178,franceville,-1.6333,13.5836,20.98,98,97,1.45,GA,1682223609
179,hilo,19.7297,-155.09,26.82,84,75,2.57,US,1682223609
180,sorong,-0.8833,131.25,29.46,67,37,2.76,ID,1682223609
181,livingston,55.9029,-3.5226,5.71,89,75,1.03,GB,1682223435
182,aspen,39.1911,-106.8175,-0.31,64,100,1.54,US,1682223519
183,bamboo flat,11.7,92.7167,32.4,56,87,1.85,IN,1682223610
184,val-d'or,48.1002,-77.7828,4.05,100,100,3.6,CA,1682223568
185,kruisfontein,-34.0033,24.7314,14.38,67,100,1.92,ZA,1682223462
186,hadibu,12.65,54.0333,28.1,67,73,1.5,YE,1682223610
187,badvel,14.75,79.05,34.05,33,26,2.91,IN,1682223610
188,viedma,-40.8135,-62.9967,9.19,76,0,4.52,AR,1682223611
189,punta del este,-34.9667,-54.95,17.71,90,20,2.68,UY,1682223551
190,enewetak,11.3474,162.3373,26.34,84,100,8.08,MH,1682223437
191,galliano,29.4422,-90.2992,17.22,82,0,0.0,US,1682223611
192,chipinge,-20.1883,32.6236,15.72,61,84,1.49,ZW,1682223612
193,gebeit,21.0667,36.3167,24.15,44,2,1.95,SD,1682223612
194,ciudad insurgentes,25.2625,-111.7753,18.08,62,0,4.14,MX,1682223612
195,colby,39.3958,-101.0524,3.03,44,0,2.57,US,1682223612
196,ostersund,63.1792,14.6357,-0.75,100,100,6.26,SE,1682223612
197,herceg novi,42.4531,18.5375,10.49,100,0,0.51,ME,1682223613
198,birjand,32.8663,59.2211,20.26,13,75,0.0,IR,1682223613
199,tofol,5.3248,163.0078,28.28,79,100,5.69,FM,1682223613
200,udachny,66.4167,112.4,-2.36,80,100,3.01,RU,1682223613
201,gualeguaychu,-33.0094,-58.5172,16.05,80,100,3.17,AR,1682223613
202,tadine,-21.55,167.8833,27.08,73,39,3.84,NC,1682223614
203,klaksvik,62.2266,-6.589,3.51,66,100,14.13,FO,1682223614
204,paso de carrasco,-34.8603,-56.0522,17.75,94,20,3.09,UY,1682223614
205,lensk,60.7253,114.9278,1.94,55,100,1.27,RU,1682223614
206,nuuk,64.1835,-51.7216,1.34,93,100,5.66,GL,1682223322
207,chita,52.0333,113.55,4.94,13,3,4.0,RU,1682223615
208,hailun,47.45,126.9333,7.79,18,51,8.26,CN,1682223615
209,neiafu,-18.65,-173.9833,27.38,69,20,3.6,TO,1682223615
210,olyokminsk,60.3736,120.4264,3.15,48,80,0.71,RU,1682223615
211,pozoblanco,38.3791,-4.8483,7.16,68,7,1.48,ES,1682223615
212,arraial do cabo,-22.9661,-42.0278,23.4,71,1,3.4,BR,1682223616
213,visby,57.6409,18.296,6.01,75,13,4.63,SE,1682223616
214,namtsy,62.7161,129.6658,-0.05,84,9,6.42,RU,1682223616
215,sasovo,54.3537,41.9199,9.1,57,12,1.13,RU,1682223616
216,zhosaly,45.4878,64.0781,22.3,18,81,5.69,KZ,1682223616
217,camabatela,-8.1881,15.375,16.58,99,100,0.71,AO,1682223616
218,ashburton,-37.8626,145.0794,20.76,68,0,1.79,AU,1682223617
219,sampacho,-33.3839,-64.7221,14.54,71,63,3.03,AR,1682223617
220,korsakov,46.6328,142.7813,7.91,51,98,8.0,RU,1682223617
221,chom thong,18.4174,98.6743,38.41,30,2,2.05,TH,1682223617
222,ko pha ngan,9.7578,100.0291,29.38,77,50,3.56,TH,1682223617
223,pocito,-31.6833,-68.5833,18.01,47,77,3.74,AR,1682223617
224,carauari,-4.8828,-66.8958,22.59,96,100,0.96,BR,1682223618
225,nyurba,63.2842,118.3319,-0.71,94,7,1.37,RU,1682223618
226,yangshuo,24.7808,110.4897,18.17,95,100,2.26,CN,1682223618
227,barabinsk,55.3571,78.357,7.63,47,100,6.67,RU,1682223618
228,sacramento,38.4666,-121.3177,22.21,66,0,3.6,US,1682223302
229,hammerfest,70.6634,23.6821,-3.75,93,100,6.69,NO,1682223619
230,makokou,0.5738,12.8642,19.53,99,72,0.8,GA,1682223421
231,luanda,-8.8368,13.2343,26.0,94,20,2.06,AO,1682223619
232,orlovskiy,46.8714,42.0592,9.25,88,98,5.22,RU,1682223619
233,tura,25.5198,90.2201,27.72,50,100,1.8,IN,1682223419
234,igdir,39.9237,44.045,12.96,44,79,1.51,TR,1682223619
235,afaahiti,-17.75,-149.2833,26.93,80,100,9.85,PF,1682223620
236,bontang,0.1333,117.5,30.0,65,47,3.77,ID,1682223620
237,carnarvon,-24.8667,113.6333,27.11,40,96,3.0,AU,1682223620
238,nanzhang chengguanzhen,31.7839,111.8275,6.28,89,100,3.86,CN,1682223620
239,constantia,44.1833,28.65,7.61,75,95,3.01,RO,1682223620
240,ulaangom,49.9811,92.0667,6.31,20,78,2.47,MN,1682223417
241,asau,46.4333,26.4,3.51,81,39,1.65,RO,1682223621
242,tevriz,57.509,72.4042,7.74,88,100,3.77,RU,1682223621
243,mubende,0.5606,31.39,17.12,100,100,0.36,UG,1682223621
244,porto novo,6.4965,2.6036,28.9,84,100,3.59,BJ,1682223434
245,fontanelas,38.8472,-9.4372,15.44,91,24,2.13,PT,1682223621
246,utrik,11.2278,169.8474,27.1,78,26,8.27,MH,1682223435
247,funadhoo,6.15,73.2667,29.19,75,65,3.85,MV,1682223622
248,ancud,-41.8697,-73.8203,8.4,86,53,1.37,CL,1682223421
249,dudinka,69.4058,86.1778,0.9,96,100,9.34,RU,1682223448
250,shingu,33.7333,135.9833,18.69,46,16,5.21,JP,1682223421
251,turkmenbasy,40.0222,52.9552,19.43,48,0,3.09,TM,1682223622
252,port macquarie,-31.4333,152.9167,23.27,64,35,5.13,AU,1682223623
253,morehead city,34.7229,-76.726,18.0,89,75,6.17,US,1682223359
254,punta arenas,-53.15,-70.9167,7.06,76,100,12.86,CL,1682223623
255,fort bragg,35.139,-79.006,15.46,91,44,0.89,US,1682223623
256,castilho,-20.8722,-51.4875,21.76,81,68,3.04,BR,1682223623
257,gaspe,48.8334,-64.4819,0.95,100,0,0.0,CA,1682223591
258,mount gambier,-37.8333,140.7667,20.89,49,0,1.28,AU,1682223624
259,grand falls-windsor,48.9332,-55.6649,1.39,94,100,4.47,CA,1682223455
260,hassi messaoud,31.6804,6.0729,18.22,50,35,4.17,DZ,1682223624
261,sechura,-5.5569,-80.8222,26.55,74,94,1.82,PE,1682223624
262,mount isa,-20.7333,139.5,29.87,26,40,6.69,AU,1682223143
263,jackson,42.4165,-122.8345,17.53,67,89,0.33,US,1682223625
264,wanning,18.8003,110.3967,29.95,70,67,6.01,CN,1682223625
265,xinyuan,37.3,99.0,2.2,54,100,2.23,CN,1682223625
266,markovo,57.3206,107.0881,1.5,54,97,2.32,RU,1682223625
267,uturoa,-16.7333,-151.4333,28.23,79,88,7.92,PF,1682223458
268,aykhal,66.0,111.5,-3.77,82,100,4.45,RU,1682223626
269,labytnangi,66.6572,66.4183,0.5,99,100,6.11,RU,1682223626
270,vilyuysk,63.7553,121.6247,-0.57,86,21,2.5,RU,1682223626
271,tol'yatti,53.5303,49.3461,7.7,79,52,2.51,RU,1682223383
272,kununurra,-15.7667,128.7333,31.99,31,0,6.69,AU,1682223340
273,magdalena,14.1999,121.429,32.97,53,67,3.54,PH,1682223627
274,fort st. john,56.2499,-120.8529,4.8,83,100,2.13,CA,1682223269
275,east london,-33.0153,27.9116,16.52,67,0,3.09,ZA,1682223427
276,kharp,66.8014,65.8081,0.24,99,100,5.97,RU,1682223627
277,chibougamau,49.9168,-74.3659,7.79,66,20,7.72,CA,1682223627
278,puerto aysen,-45.4,-72.7,5.79,98,96,2.07,CL,1682223628
279,upata,8.0086,-62.3989,22.33,93,100,1.26,VE,1682223628
280,sao jose da coroa grande,-8.8978,-35.1478,25.1,76,65,3.93,BR,1682223628
281,toliara,-23.35,43.6667,21.33,85,29,3.0,MG,1682223628
282,selfoss,63.9331,-20.9971,2.8,79,67,1.35,IS,1682223444
283,berbera,10.4396,45.0143,28.74,75,98,3.8,SO,1682223628
284,coquimbo,-29.9533,-71.3436,14.85,94,100,1.03,CL,1682223382
285,cowra,-33.8333,148.6833,25.52,31,0,2.6,AU,1682223628
286,cold lake,54.4502,-110.2017,2.97,48,75,3.09,CA,1682223629
287,kambove,-10.8764,26.5969,15.41,98,96,1.64,CD,1682223629
288,axum,14.1245,38.7244,18.33,49,57,1.52,ET,1682223629
289,yingshang chengguanzhen,32.6295,116.2701,8.81,95,100,5.0,CN,1682223629
290,kasongo-lunda,-6.4667,16.8167,21.02,99,100,0.18,CD,1682223629
291,bonthe,7.5264,-12.505,26.46,81,71,2.79,SL,1682223630
292,barra do corda,-5.5,-45.25,22.26,81,51,1.62,BR,1682223630
293,kavaratti,10.5669,72.642,28.92,69,10,5.98,IN,1682223631
294,tanout,14.9709,8.8879,26.59,14,16,4.3,NE,1682223631
295,san luis de la loma,17.2706,-100.8939,25.92,80,100,0.55,MX,1682223631
296,uman,48.7484,30.2218,8.31,71,44,1.13,UA,1682223631
297,petauke,-14.2426,31.3253,16.85,91,4,1.75,ZM,1682223553
298,hasaki,35.7333,140.8333,17.22,44,100,3.78,JP,1682223594
299,tindouf,27.6711,-8.1474,16.15,69,47,4.07,DZ,1682223632
300,lauro de freitas,-12.8944,-38.3272,28.01,74,40,4.63,BR,1682223534
301,atafu village,-8.5421,-172.5159,28.99,73,100,3.58,TK,1682223632
302,reggane,26.7158,0.1714,26.05,24,97,6.73,DZ,1682223632
303,colonia,50.9333,6.95,11.9,89,40,1.54,DE,1682223459
304,kutum,14.2,24.6667,24.78,28,6,3.63,SD,1682223632
305,tsiombe,-25.3,45.4833,20.77,93,65,0.74,MG,1682223633
306,three points,32.0767,-111.3137,25.34,17,0,0.0,US,1682223633
307,gokarna,14.55,74.3167,28.25,60,10,1.29,IN,1682223633
308,bengkulu,-3.8004,102.2655,29.67,67,77,2.26,ID,1682223633
309,laojunmiao,39.8333,97.7333,5.74,59,66,2.8,CN,1682223634
310,batticaloa,7.7102,81.6924,29.24,75,97,1.44,LK,1682223634
311,karratha,-20.7377,116.8463,31.71,34,65,7.64,AU,1682223634
312,altai,46.3722,96.2583,0.74,78,100,3.19,MN,1682223634
313,lakatoro,-16.0999,167.4164,29.09,71,30,4.17,VU,1682223634
314,sumbawa besar,-8.5,117.4333,30.51,63,15,2.39,ID,1682223635
315,dar es salaam,-6.8235,39.2695,23.62,97,100,2.75,TZ,1682223635
316,kirakira,-10.4544,161.9205,29.78,71,31,3.67,SB,1682223404
317,enshi,30.3,109.4833,11.18,92,100,1.08,CN,1682223635
318,sena madureira,-9.0656,-68.6569,23.48,95,100,0.88,BR,1682223635
319,polyarnyy,69.1989,33.4478,-4.85,84,94,9.74,RU,1682223635
320,dapa,9.7594,126.0531,29.64,68,70,2.8,PH,1682223636
321,faya-largeau,17.9257,19.1043,27.81,13,2,2.73,TD,1682223636
322,brookings,44.3114,-96.7984,-1.62,79,0,3.09,US,1682223636
323,minas de marcona,-15.2119,-75.1103,17.9,76,3,3.15,PE,1682223636
324,pisco,-13.7,-76.2167,21.03,88,0,6.17,PE,1682223411
325,muriae,-21.1306,-42.3664,18.8,96,70,0.94,BR,1682223636
326,papao,-17.75,-149.55,27.82,84,100,10.9,PF,1682223637
327,zykovo,55.9519,93.1461,9.44,46,13,1.01,RU,1682223637
328,lerwick,60.1545,-1.1494,6.0,76,100,15.53,GB,1682223462
329,erenhot,43.6475,111.9767,11.71,11,100,6.09,CN,1682223637
330,saint-louis du nord,19.9333,-72.7167,24.57,79,13,2.52,HT,1682223637
331,ilhabela,-23.7781,-45.3581,20.31,89,14,1.42,BR,1682223637
332,urucui,-7.2294,-44.5561,23.97,72,59,1.89,BR,1682223638
333,diyadin,39.5406,43.6713,7.05,54,61,1.03,TR,1682223638
334,kalmunai,7.4167,81.8167,28.56,78,97,1.02,LK,1682223638
335,qarqaraly,49.4058,75.4742,9.45,27,100,5.52,KZ,1682223638
336,barah,13.7,30.3667,25.86,15,71,2.95,SD,1682223638
337,mugia,43.1041,-9.2179,15.65,94,83,8.23,ES,1682223638
338,donggang,28.9365,114.2259,11.45,93,100,1.58,CN,1682223638
339,goure,13.9835,10.2704,28.36,18,2,4.54,NE,1682223639
340,mirnyy,62.5353,113.9611,0.69,31,7,1.79,RU,1682223639
341,greymouth,-42.4667,171.2,15.04,85,100,3.54,NZ,1682223639
342,qamdo,31.1667,97.2333,7.45,22,50,5.08,CN,1682223639
343,nova xavantina,-14.6667,-52.35,21.75,98,67,1.14,BR,1682223639
344,medebach,51.2,8.7167,9.54,93,100,2.25,DE,1682223639
345,tacuba,13.9011,-89.9297,23.46,90,50,1.37,SV,1682223640
346,la reforma,25.0833,-108.05,21.78,55,0,0.34,MX,1682223640
347,sakakah,29.9697,40.2064,21.76,39,18,2.09,SA,1682223640
348,san pedro,14.35,121.0167,33.57,60,20,3.09,PH,1682223640
349,galappo,-4.2667,35.85,16.46,97,100,0.22,TZ,1682223640
350,kedougou,12.5579,-12.1743,29.32,26,0,1.03,SN,1682223640
351,jiazi,22.8779,116.067,22.96,83,100,5.38,CN,1682223640
352,guerrero negro,27.9769,-114.0611,15.87,78,0,5.7,MX,1682223640
353,trinidad,-14.8333,-64.9,21.75,80,81,1.94,BO,1682223640
354,hovd,48.0056,91.6419,3.76,29,100,3.1,MN,1682223641
355,caluula,11.9661,50.7569,27.49,73,99,3.79,SO,1682223641
356,bria,6.5423,21.9863,20.52,92,100,1.51,CF,1682223641
357,cody,44.5263,-109.0565,2.12,58,0,1.54,US,1682223641
358,marion,39.7684,-86.1555,5.58,66,100,5.14,US,1682223641
359,melfort,52.8667,-104.6177,1.07,64,80,1.54,CA,1682223415
360,nevel'sk,46.6733,141.8633,1.65,73,94,7.57,RU,1682223641
361,sipalay,9.75,122.5,32.73,55,94,2.15,PH,1682223642
362,dingras,18.1032,120.6967,31.86,62,20,3.6,PH,1682223642
363,aksu,41.1231,80.2644,14.62,24,0,1.84,CN,1682223642
364,rangpur,25.75,89.25,26.77,57,100,5.76,BD,1682223642
365,sosnovo-ozerskoye,52.5249,111.5418,2.94,23,6,5.52,RU,1682223642
366,krasnoufimsk,56.6059,57.7669,7.21,81,100,2.97,RU,1682223642
367,saint-leu,-21.15,55.2833,26.48,82,100,1.67,RE,1682223642
368,xai-xai,-25.0519,33.6442,20.98,77,53,2.92,MZ,1682223643
369,caratinga,-19.7897,-42.1392,18.36,89,100,1.08,BR,1682223643
370,kiunga,-6.1219,141.2906,34.63,48,77,1.18,PG,1682223643
371,bardai,11.65,7.2333,25.66,53,4,5.07,NG,1682223643
372,buka,40.8108,69.1986,21.89,24,93,0.22,UZ,1682223643
373,mamou,10.5,-12.0,23.2,33,31,0.74,GN,1682223643
374,portage la prairie,49.9728,-98.2926,-0.5,72,68,1.79,CA,1682223644
375,mount pleasant,32.7941,-79.8626,18.33,64,0,3.6,US,1682223644
376,smithers,54.7804,-127.1743,5.18,100,100,1.54,CA,1682223644
377,suomussalmi,64.8869,28.9078,-4.05,80,71,1.42,FI,1682223644
378,ji'an,27.1172,114.9793,15.94,92,100,4.14,CN,1682223644
379,port lincoln,-34.7333,135.8667,20.57,62,0,4.56,AU,1682223417
380,vyazemskiy,47.5378,134.7525,5.7,68,100,4.08,RU,1682223414
381,santa cruz de la sierra,-17.8,-63.1667,21.7,83,40,3.6,BO,1682223645
382,tual,-5.6667,132.75,28.24,75,100,2.45,ID,1682223645
383,khorixas,-20.3667,14.9667,19.36,57,32,1.05,NA,1682223464
384,chistopol',55.3631,50.6424,8.71,75,4,2.31,RU,1682223645
385,oriximina,-1.7656,-55.8661,23.12,97,100,1.55,BR,1682223645
386,kenai,60.5544,-151.2583,7.05,48,100,7.2,US,1682223645
387,danville,36.586,-79.395,10.61,85,0,1.54,US,1682223645
388,maragogi,-9.0122,-35.2225,24.93,74,44,3.84,BR,1682223646
389,flin flon,54.7682,-101.865,-3.64,95,24,1.53,CA,1682223646
390,kamyzyak,46.11,48.0736,11.99,93,40,3.0,RU,1682223646
391,kingston,17.997,-76.7936,24.53,87,20,2.57,JM,1682223518
392,lhokseumawe,5.1801,97.1507,31.15,64,81,2.38,ID,1682223646
393,labasa,-16.4167,179.3833,27.93,73,63,4.03,FJ,1682223646
394,lashio,22.9333,97.75,32.64,29,33,1.5,MM,1682223646
395,howrah,22.5892,88.3103,28.0,65,75,1.54,IN,1682223646
396,sibiti,-3.6819,13.3499,20.16,99,100,0.81,CG,1682223647
397,isiro,2.7739,27.616,19.09,99,100,1.28,CD,1682223647
398,forster,-32.1667,152.5167,21.88,74,25,1.79,AU,1682223647
399,itaituba,-4.2761,-55.9836,22.47,100,100,0.99,BR,1682223647
400,neder holluf,55.3645,10.4482,9.24,95,100,5.17,DK,1682223647
401,nantucket,41.2835,-70.0995,9.44,88,100,8.75,US,1682223377
402,san justo,-30.7891,-60.5919,15.53,62,100,2.29,AR,1682223647
403,sandnessjoen,66.0217,12.6316,-1.86,79,86,0.89,NO,1682223465
404,houma,29.5958,-90.7195,16.11,83,0,1.54,US,1682223647
405,richards bay,-28.783,32.0377,18.49,85,46,2.9,ZA,1682223407
406,nova borova,50.693,28.6345,8.65,72,68,0.22,UA,1682223648
407,anzio,41.4853,12.6179,15.8,71,100,1.42,IT,1682223648
408,remire-montjoly,4.9167,-52.2667,23.02,100,100,0.0,GF,1682223410
409,hun,29.1268,15.9477,16.25,74,46,6.41,LY,1682223648
410,walvis bay,-22.9575,14.5053,15.05,77,88,2.9,NA,1682223648
411,al bardiyah,31.7561,25.0865,17.18,68,9,5.22,LY,1682223648
412,alta,69.9689,23.2717,-2.41,74,20,4.63,NO,1682223648
413,meknes,33.9776,-5.525,14.49,88,99,1.54,MA,1682223649
414,touros,-5.1989,-35.4608,24.47,84,38,4.76,BR,1682223426
415,matoury,4.8483,-52.3317,22.98,100,100,0.0,GF,1682223649
416,macau,22.2006,113.5461,28.25,94,40,7.2,MO,1682223649
417,buckeye,33.3703,-112.5838,29.36,17,0,3.09,US,1682223649
418,shenjiamen,29.9576,122.298,15.57,78,99,7.49,CN,1682223430
419,douglas,41.3,-96.167,2.95,67,0,3.09,US,1682223649
420,kill devil hills,36.0307,-75.676,19.01,90,100,13.38,US,1682223649
421,aldan,58.6031,125.3894,-1.98,68,99,2.57,RU,1682223649
422,sao miguel do araguaia,-13.275,-50.1628,21.97,86,55,2.26,BR,1682223650
423,quellon,-43.1167,-73.6167,6.14,93,75,0.0,CL,1682223650
424,hurricane,37.1753,-113.2899,18.51,35,2,4.11,US,1682223650
425,san clemente,33.427,-117.612,21.64,73,80,0.45,US,1682223650
426,tarnogskiy gorodok,60.4997,43.5761,6.1,69,98,3.92,RU,1682223561
427,lingyuan,41.24,119.4011,12.94,9,100,3.9,CN,1682223650
428,kulhudhuffushi,6.6221,73.07,29.27,75,28,4.09,MV,1682223650
429,'ain el melh,34.8415,4.1638,15.6,54,96,2.4,DZ,1682223374
430,moroni,-11.7022,43.2551,26.64,78,81,0.72,KM,1682223651
431,itoman,26.1247,127.6694,26.01,61,40,6.69,JP,1682223651
432,bonchamp-les-laval,48.0736,-0.7,11.06,93,75,6.17,FR,1682223651
433,slavyanka,42.8633,131.3847,10.52,26,5,4.89,RU,1682223651
434,alzamay,55.5562,98.6644,7.05,58,64,0.26,RU,1682223651
435,fyzabad,26.7833,82.1333,35.32,15,1,1.41,IN,1682223651
436,karatau,43.1667,70.4667,17.79,37,97,0.91,KZ,1682223651
437,labuan,5.2767,115.2417,33.2,62,20,1.03,MY,1682223651
438,magadan,59.5667,150.8,4.74,53,88,7.11,RU,1682223651
439,ushtobe,45.2514,77.9838,13.84,22,23,6.57,KZ,1682223652
440,alvarado,18.7667,-95.7667,26.38,90,100,2.79,MX,1682223583
441,phan rang-thap cham,11.5667,108.9833,33.49,48,7,4.22,VN,1682223550
442,takoradi,4.8845,-1.7554,26.59,85,83,4.22,GH,1682223341
443,byalynichy,53.9983,29.7126,9.05,63,100,0.95,BY,1682223652
444,sola,-13.8833,167.55,28.03,75,89,5.62,VU,1682223461
445,mahibadhoo,3.7833,72.9667,29.0,72,100,3.33,MV,1682223652
446,valparaiso,-33.0393,-71.6273,16.67,63,100,1.54,CL,1682223636
447,rawson,-43.3002,-65.1023,16.83,46,0,12.24,AR,1682223602
448,saarijarvi,62.7049,25.254,0.09,90,100,2.7,FI,1682223653
449,colonia rincon viejo,16.9,-95.05,25.5,88,90,1.74,MX,1682223653
450,yung shue wan,22.2333,114.1167,25.68,88,84,7.82,HK,1682223653
451,dalnegorsk,44.5604,135.5701,7.26,44,99,7.32,RU,1682223653
452,puerto lempira,15.2667,-83.7667,23.47,84,0,2.55,HN,1682223653
453,san sebastian de la gomera,28.0916,-17.1133,19.2,77,0,1.03,ES,1682223653
454,mahdia,35.5047,11.0622,12.97,74,75,2.28,TN,1682223653
455,dhuusamarreeb,5.535,46.3861,27.07,75,100,3.98,SO,1682223654
456,gisborne,-38.6533,178.0042,17.84,83,91,1.48,NZ,1682223432
457,xiaoweizhai,26.1903,107.5125,15.29,97,100,1.6,CN,1682223654
458,port saint john's,-31.6229,29.5448,17.85,57,57,2.04,ZA,1682223416
459,banda aceh,5.5577,95.3222,30.24,67,35,1.12,ID,1682223654
460,naze,28.3667,129.4833,23.51,73,62,7.47,JP,1682223454
461,acaponeta,22.4964,-105.3594,20.42,74,41,1.11,MX,1682223654
462,sol'-iletsk,51.1631,54.9918,11.27,75,60,4.86,RU,1682223654
463,ankang,32.68,109.0172,5.34,90,100,1.27,CN,1682223655
464,aitape,-3.1374,142.3475,29.07,71,75,1.64,PG,1682223655
465,manokwari,-0.8667,134.0833,28.14,75,93,2.17,ID,1682223655
466,carutapera,-1.195,-46.02,24.62,93,99,2.2,BR,1682223655
467,torbat-e jam,35.244,60.6225,24.95,16,100,3.51,IR,1682223655
468,bel ombre,-4.6167,55.4167,29.91,79,20,2.57,SC,1682223655
469,gumdag,39.2061,54.5906,21.17,47,85,4.17,TM,1682223655
470,gold camp,33.2937,-111.3043,27.41,20,91,1.91,US,1682223655
471,chernyshevskiy,63.0128,112.4714,-2.38,82,21,1.81,RU,1682223655
472,luau,-10.7073,22.2247,17.99,97,100,1.33,AO,1682223656
473,port-vila,-17.7338,168.3219,28.78,70,40,4.63,VU,1682223656
474,neftegorsk,52.802,51.166,9.34,76,100,3.07,RU,1682223656
475,springfield,37.2153,-93.2982,6.59,60,0,2.06,US,1682223127
476,gamba,-2.65,10.0,23.33,91,100,1.33,GA,1682223656
477,hoi an,15.8794,108.335,30.98,71,46,5.54,VN,1682223656
478,andratx,39.5755,2.4202,15.34,87,5,1.12,ES,1682223656
479,bugana,7.9992,7.5836,25.79,83,73,2.03,NG,1682223656
480,jiwani,25.05,61.7417,27.81,61,3,2.99,PK,1682223656
481,fomboni,-12.28,43.7425,28.18,74,91,2.63,KM,1682223657
482,podporozh'ye,60.9112,34.1706,5.22,88,52,1.01,RU,1682223657
483,darwin,-12.4611,130.8418,32.25,42,0,7.72,AU,1682223303
484,zhangye,38.9342,100.4517,10.91,42,100,0.48,CN,1682223657
485,napier,-39.4833,176.9167,18.49,79,30,1.34,NZ,1682223657
486,yeniseysk,58.4497,92.1703,5.39,73,75,2.92,RU,1682223657
487,kosan,38.8558,127.4181,15.46,35,93,2.69,KP,1682223657
488,marshfield,44.6689,-90.1718,1.49,75,100,4.63,US,1682223404
489,victoria falls,-17.9235,25.843,21.24,56,72,1.23,ZW,1682223657
490,rosamond,34.8641,-118.1634,20.84,50,0,5.14,US,1682223658
491,fang,19.9169,99.2145,37.69,25,0,1.23,TH,1682223658
492,hailar,49.2,119.7,6.14,13,2,7.26,CN,1682223658
493,ust'-ordynskiy,52.805,104.7508,7.05,30,75,3.62,RU,1682223658
494,vila velha,-20.3297,-40.2925,22.75,87,75,1.34,BR,1682223658
495,freetown,8.484,-13.2299,26.09,81,68,1.48,SL,1682223658
496,usogorsk,63.4106,48.6872,-2.24,81,93,4.1,RU,1682223658
497,puerto escondido,15.85,-97.0667,27.46,74,20,0.0,MX,1682223658
498,hobyo,5.3505,48.5268,28.78,75,100,4.91,SO,1682223658
499,tocoa,15.6833,-86.0,22.17,95,2,0.69,HN,1682223659
500,beau vallon,-20.4189,57.6953,27.34,78,75,5.14,MU,1682223421
501,ishikawa,26.4233,127.8214,25.98,61,97,4.92,JP,1682223659
502,sambava,-14.2667,50.1667,25.29,84,75,2.37,MG,1682223659
503,selibaby,15.159,-12.1829,28.77,22,6,4.04,MR,1682223659
504,laboulaye,-34.1266,-63.3912,12.8,60,39,3.23,AR,1682223659
505,kailua-kona,19.6406,-155.9956,26.98,87,100,4.63,US,1682223371
506,tamanrasset,22.785,5.5228,17.95,16,0,1.54,DZ,1682223462
507,sotouboua,8.5667,0.9833,23.9,89,16,1.54,TG,1682223660
508,simplicio mendes,-7.8539,-41.9103,25.16,66,39,4.86,BR,1682223660
509,lazaro cardenas,17.9583,-102.2,24.95,80,100,1.54,MX,1682223601
510,horta,38.5333,-28.6333,17.23,96,100,8.05,PT,1682223228
511,kidal,18.4411,1.4078,27.46,7,98,3.21,ML,1682223660
512,vail,32.0479,-110.712,23.99,26,5,1.62,US,1682223660
513,septemvri,42.2167,24.1,8.68,94,31,0.31,BG,1682223660
514,mundri,-6.9558,111.71,30.27,66,30,4.11,ID,1682223660
515,dengzhou,37.8086,120.7508,12.17,60,100,4.17,CN,1682223660
516,palikir - national government center,6.9248,158.1611,30.41,70,100,2.57,FM,1682223440
517,pedra azul,-16.0053,-41.2972,17.88,97,68,1.71,BR,1682223661
518,nuriootpa,-34.4833,139.0,24.72,41,0,4.02,AU,1682223661
519,greater sudbury,46.49,-80.99,3.36,96,100,0.45,CA,1682223615
520,chanika,-5.4167,38.0167,19.56,98,100,1.13,TZ,1682223661
521,lata,40.1629,-8.3327,11.71,96,36,1.08,PT,1682223661
522,diawara,15.022,-12.5437,28.73,23,5,3.98,SN,1682223661
523,ewo,-0.8725,14.8206,22.43,92,98,1.14,CG,1682223662
524,kranj,46.2389,14.3556,7.84,91,0,1.03,SI,1682223662
525,caras,-9.0467,-77.8114,16.24,91,96,0.57,PE,1682223662
526,kirensk,57.7853,108.1119,1.98,52,72,2.4,RU,1682223662
527,burutu,5.3509,5.5076,25.41,89,100,2.33,NG,1682223662
528,arno,60.1167,18.6333,3.77,86,79,2.3,SE,1682223662
529,hoemul-li,41.4339,129.67,11.11,34,3,3.57,KP,1682223663
530,sanctuary point,-35.1114,150.629,21.53,82,100,4.43,AU,1682223663
531,chake chake,-5.2459,39.7666,24.73,94,100,3.95,TZ,1682223663
532,alice springs,-23.7,133.8833,25.75,25,34,6.17,AU,1682223430
533,piti village,13.4626,144.6933,28.27,92,75,4.63,GU,1682223583
534,woolgoolga,-30.1106,153.2007,20.02,62,83,8.47,AU,1682223663
535,bezlyudivka,49.8718,36.2952,8.16,81,58,1.69,UA,1682223663
536,tokar,18.4254,37.729,26.32,78,0,2.89,SD,1682223664
537,soio,-6.1349,12.3689,25.01,90,100,3.7,AO,1682223664
538,lobujya,27.95,86.8167,-9.2,64,24,2.33,NP,1682223664
539,khedbrahma,24.0333,73.05,31.88,23,0,3.92,IN,1682223664
540,daura,11.5538,11.4085,27.4,48,58,4.06,NG,1682223664
541,stratford,41.1845,-73.1332,15.08,92,100,4.63,US,1682223431
542,birigui,-21.2886,-50.34,21.15,81,100,3.59,BR,1682223665
543,siniscola,40.5719,9.6922,8.75,69,100,1.61,IT,1682223665
544,siracusa,37.0881,15.2792,12.4,61,5,1.79,IT,1682223467
545,alofi,-19.0595,-169.9187,26.94,69,41,4.63,NU,1682223665
546,wamba,8.9333,8.6,24.02,76,97,0.99,NG,1682223666
547,high rock,26.6208,-78.2833,23.01,72,0,4.88,BS,1682223666
548,cheremukhovo,60.3484,59.9851,7.2,60,49,1.62,RU,1682223666
549,grojec,51.8625,20.8676,10.75,75,1,3.37,PL,1682223666
550,newman,37.3138,-121.0208,21.13,69,94,1.79,US,1682223666
551,kijang,35.2442,129.2139,17.85,48,76,7.13,KR,1682223667
552,kokstad,-30.5472,29.4241,8.78,34,21,2.17,ZA,1682223667
553,aswan,24.0934,32.907,26.2,25,12,3.66,EG,1682223415
554,santo antonio,-6.3106,-35.4789,22.05,92,87,3.11,BR,1682223667
555,itaporanga,-7.3044,-38.1503,19.38,70,30,1.7,BR,1682223667
556,bacsalmas,46.1265,19.3326,10.38,64,54,2.14,HU,1682223667
557,batesville,35.7698,-91.641,11.23,48,100,0.0,US,1682223668
558,poronaysk,49.2167,143.1167,4.88,54,100,5.28,RU,1682223668
559,alausi,-2.2,-78.8333,8.83,89,96,1.37,EC,1682223668
560,huarmey,-10.0681,-78.1522,24.62,83,51,3.73,PE,1682223668
561,monrovia,6.3005,-10.7969,24.87,81,47,3.65,LR,1682223578
562,chui,-33.6971,-53.4616,16.57,93,100,2.62,UY,1682223668
563,kampene,-3.6,26.6667,19.84,100,100,0.29,CD,1682223669
564,harper,4.375,-7.7169,26.64,85,100,3.24,LR,1682223669
565,palmer,42.1584,-72.3287,11.65,84,100,2.57,US,1682223669
566,bonanza,14.0289,-84.591,21.3,93,6,0.18,NI,1682223669
567,lexington,37.9887,-84.4777,7.0,56,40,3.6,US,1682223495
568,mil'kovo,55.6078,37.7956,9.08,61,13,1.72,RU,1682223442
569,zaozersk,69.4005,32.4476,-5.07,87,89,9.77,RU,1682223441
570,san mariano,7.5,126.0,29.4,70,26,1.66,PH,1682223669
571,guayaramerin,-10.8368,-65.3614,23.28,89,100,0.87,BO,1682223670
572,wellingborough,52.3027,-0.6945,9.9,96,100,4.38,GB,1682223670
573,parauna,-16.9478,-50.4486,19.02,93,77,1.36,BR,1682223670
574,mahalapye,-23.1041,26.8142,17.88,43,32,1.04,BW,1682223670
575,geraldton,-28.7667,114.6,28.23,28,0,8.23,AU,1682223670
576,aguas formosas,-17.0822,-40.9358,19.52,98,75,1.56,BR,1682223671
577,newcastle,-32.9272,151.7765,23.23,78,100,6.69,AU,1682223455
578,kelso,46.1468,-122.9084,15.03,84,100,1.54,US,1682223671
